seed,fusion_c,dropout_config,source_fake_rate_cap,selection_validation_utility_mean,selection_validation_utility_min,threshold,threshold_source_utility,threshold_source_predicted_positive_rate,source_utility,source_accuracy,source_precision,source_recall,source_f1,source_roc_auc,source_brier_score,source_expected_calibration_error,source_predicted_positive_rate,target_utility,target_accuracy,target_precision,target_recall,target_f1,target_roc_auc,target_brier_score,target_expected_calibration_error,target_predicted_positive_rate
7,1.0,none,0.48,1.3522909954495632,0.8705882352941177,0.8888276090300833,1.8249999999999997,0.48,1.8249999999999997,0.97,0.9895833333333334,0.95,0.9693877551020408,0.9924999999999999,0.021234388952972534,0.02214192033205732,0.48,-0.32758620689655205,0.7631578947368421,0.6746987951807228,1.0,0.8057553956834532,0.8389778325123154,0.3036548114243108,0.3341339232783891,0.7280701754385965
17,1.0,none,0.48,1.4508205456095482,0.8043478260869565,0.8631909892836402,1.875,0.475,1.875,0.975,1.0,0.95,0.9743589743589743,0.9983,0.017128227369670748,0.02015228566734522,0.475,-1.0711206896551724,0.6578947368421053,0.6049382716049383,0.875,0.7153284671532847,0.7783251231527094,0.30245201068121164,0.3193526786368933,0.7105263157894737
29,0.01,mean0p35x8,0.48,1.4747474747474747,0.75,0.7841887170085956,1.7750000000000001,0.455,1.7750000000000001,0.955,1.0,0.91,0.9528795811518325,0.9932000000000001,0.033997464672819444,0.04870357626228062,0.455,0.0942118226600987,0.7807017543859649,0.7246376811594203,0.8928571428571429,0.8,0.8848522167487685,0.21841745719836753,0.23277489966968606,0.6052631578947368
