selection_policy,heldout_source_name,source_holdout_utility_mean,source_holdout_recall_mean,source_holdout_fake_miss_rate_mean,source_holdout_predicted_positive_rate_mean
source_holdout_mean_utility_cap_0p48,sd3,1.423529411764706,0.796078431372549,0.203921568627451,0.1325498575498575
source_holdout_mean_utility_cap_0p48,midjourney6,1.6314793901750422,0.8792584227366836,0.1207415772633164,0.155075981303385
source_holdout_mean_utility_cap_0p48,sd21,1.6787037037037036,0.8981481481481483,0.1018518518518518,0.1720885729907053
source_holdout_mean_utility_cap_0p48,sdxl,1.8954545454545453,0.9848484848484848,0.0151515151515151,0.1817619468220244
source_holdout_mean_utility_cap_0p48,dalle3,1.8954545454545453,0.9848484848484848,0.0151515151515151,0.1689625034941775
